{
  "num_nodes": 295,
  "num_edges": 512,
  "edge_type_counts": {
    "plain": 150,
    "placeholder": 69,
    "root_link": 293
  },
  "num_components": 1,
  "largest_component_size": 295,
  "top5_by_degree": [
    [
      "__secondary_root__",
      0.9795918367346939
    ],
    [
      "0e43832cd85d",
      0.10544217687074829
    ],
    [
      "7dd4220b4cce",
      0.10544217687074829
    ],
    [
      "aa49c2192ede",
      0.10544217687074829
    ],
    [
      "9d975149893f",
      0.10544217687074829
    ]
  ],
  "top5_by_betweenness": [
    [
      "0e43832cd85d",
      0.0003482621717629031
    ],
    [
      "7dd4220b4cce",
      0.0003482621717629031
    ],
    [
      "aa49c2192ede",
      0.0003482621717629031
    ],
    [
      "9d975149893f",
      0.0003482621717629031
    ],
    [
      "6f4c3aec815f",
      0.0003482621717629031
    ]
  ]
}